{"cameraMode":{"drawMode":0,"name":"Shaded","section":"Shading Mode"},"sceneLighting":true,"audioPlay":false,"sceneViewState":{"m_AlwaysRefresh":false,"showFog":true,"showSkybox":true,"showFlares":true,"showImageEffects":true,"showParticleSystems":true,"showVisualEffectGraphs":true,"m_FxEnabled":true},"in2DMode":false,"pivot":{"x":150.59759521484376,"y":227.68679809570313,"z":237.0889434814453},"rotation":{"x":0.11955857276916504,"y":0.41450411081314089,"z":-0.055034708231687549,"w":0.9004807472229004},"size":10.154706001281739,"orthographic":false}